{"initial_reset_timestamp": 1568061606.8925693, "timestamps": [1568061611.8545496], "episode_lengths": [147], "episode_rewards": [-147.0], "episode_types": ["t"]}