{"initial_reset_timestamp": 1568060786.747422, "timestamps": [1568060793.8923793], "episode_lengths": [200], "episode_rewards": [-200.0], "episode_types": ["t"]}